{
  "wastes": [
    {
      "fileName": {},
      "title": "수정합니다. ",
      "wasteCategory": "스포츠",
      "wasteStatus": "최상",
      "sellStatus": "",
      "wastePrice": "2000",
      "content": "Lorem ipsum dolor sit amet consectetur adipisicing elit. Illum reiciendis, maxime, dolor atque dolore consequuntur consectetur voluptate pariatur esse voluptatem beatae? Necessitatibus non nisi deserunt ad numquam unde suscipit molestiae.\n",
      "address": {
        "address": "인천 서구 가경주로 10",
        "zipcode": "22783",
        "state": "인천",
        "city": "서구",
        "district": "가정동",
        "detail": ""
      },
      "likeCount": 121,
      "viewCount": 45,
      "created_at": "2024. 4. 18.",
      "id": 1,
      "hearted": true
    },
    {
      "fileName": {},
      "title": "ddddddddddddddddd",
      "wasteCategory": "반려동물용품",
      "wasteStatus": "중",
      "sellStatus": "",
      "wastePrice": "6000",
      "content": "dsdfsdfs",
      "address": {
        "address": "경기 화성시 서신면 노노피길 33",
        "zipcode": "18556",
        "state": "경기",
        "city": "화성시",
        "district": "백미리",
        "detail": ""
      },
      "likeCount": 121,
      "viewCount": 45,
      "created_at": "2024. 4. 16.",
      "id": 10,
      "hearted": true
    },
    {
      "fileName": {},
      "title": "ddddddddddddddddd",
      "wasteCategory": "반려동물용품",
      "wasteStatus": "중",
      "sellStatus": "",
      "wastePrice": "6000",
      "content": "dsdfsdfs",
      "address": {
        "address": "경기 화성시 서신면 노노피길 33",
        "zipcode": "18556",
        "state": "경기",
        "city": "화성시",
        "district": "백미리",
        "detail": ""
      },
      "likeCount": 121,
      "viewCount": 45,
      "created_at": "2024. 4. 16.",
      "id": 10,
      "hearted": true
    }
  ],
  "usernames": [
    {
      "id": 1,
      "nickname": "freshtrash"
    },
    {
      "id": 2,
      "nickname": "example_username"
    },
    {
      "nickname": "아이고",
      "id": 3
    },
    {
      "nickname": "User Name",
      "id": 4
    },
    {
      "id": 5,
      "fileName": "",
      "nickname": "사용자1",
      "address": {
        "address": "대구 달성군 가창면 가창동로 3",
        "zipcode": "42938",
        "state": "대구",
        "city": "달성군",
        "district": "냉천리",
        "detail": ""
      }
    },
    {
      "nickname": "닉네임",
      "id": 6
    },
    {
      "nickname": "닉네임",
      "id": 7
    },
    {
      "nickname": "닉네임",
      "id": 8
    },
    {
      "nickname": "닉네임",
      "id": 9
    },
    {
      "nickname": "닉네임",
      "id": 10
    },
    {
      "nickname": "닉네임",
      "id": 11
    },
    {
      "nickname": "닉네임",
      "id": 12
    },
    {
      "nickname": "닉네임",
      "id": 13
    },
    {
      "nickname": "닉네임",
      "id": 14
    },
    {
      "nickname": "닉네임",
      "id": 15
    },
    {
      "nickname": "닉네임",
      "id": 16
    },
    {
      "nickname": "닉네임",
      "id": 17
    },
    {
      "nickname": "닉네임",
      "id": 18
    },
    {
      "nickname": "닉네임ddd",
      "id": 19
    },
    {
      "nickname": "닉네임ddd",
      "id": 20
    },
    {
      "nickname": "닉네임ddd",
      "id": 21
    },
    {
      "nickname": "닉네임ddd",
      "id": 22
    },
    {
      "nickname": "닉네임ddd",
      "id": 23
    },
    {
      "nickname": "닉네임ddd",
      "id": 24
    },
    {
      "nickname": "닉네임ddd",
      "id": 25
    },
    {
      "nickname": "닉네임ddd",
      "id": 26
    },
    {
      "nickname": "닉네임ddd",
      "id": 27
    },
    {
      "nickname": "닉네임ddd",
      "id": 28
    },
    {
      "nickname": "닉네임ddd",
      "id": 29
    },
    {
      "nickname": "닉네임ddd",
      "id": 30
    },
    {
      "nickname": "닉네임ddd",
      "id": 31
    }
  ],
  "ratings": [
    {
      "rate": 5
    },
    {
      "rate": 1
    },
    {
      "rate": 1
    },
    {
      "rate": 5
    },
    {
      "rate": 3
    }
  ],
  "signup": [
    {
      "id": 1,
      "nickname": "freshtrash",
      "password": "freshtrash1234@@",
      "email": "freshtrash@naver.com"
    },
    {
      "nickname": "ddd",
      "password": "whathdd",
      "email": "eiei@naver.com",
      "id": 2
    },
    {
      "password": "",
      "email": "",
      "id": 3
    },
    {
      "password": "",
      "email": "",
      "id": 4
    },
    {
      "nickname": "ddddd",
      "password": "dddd",
      "email": "fddddsfddd",
      "id": 5
    }
  ],
  "verification": [
    {
      "id": 1,
      "email": "freshtrash@naver.com"
    },
    {
      "email": "dddd",
      "id": 2
    },
    {
      "email": "될까요",
      "id": 3
    },
    {
      "email": "될까요",
      "id": 4
    },
    {
      "email": "졸림",
      "id": 5
    }
  ],
  "confirmation": [
    {
      "id": 1,
      "email": "freshtrash@naver.com",
      "code": 12345678
    }
  ],
  "signin": [
    {
      "id": 1,
      "password": "freshtrash1234@@",
      "email": "freshtrash@naver.com"
    },
    {
      "password": "aga gr ga",
      "email": "hrahh",
      "id": 2
    },
    {
      "password": "dddddddd",
      "email": "ddddd",
      "id": 3
    }
  ],
  "alarm": [
    {
      "content": [
        {
          "id": 1,
          "alarmType": "CHAT",
          "alarmArgs": {
            "fromMemberId": 2,
            "targetId": 1
          },
          "message": "message"
        }
      ],
      "pageable": {
        "sort": {
          "empty": true,
          "sorted": false,
          "unsorted": true
        },
        "offset": 0,
        "pageNumber": 0,
        "pageSize": 10,
        "paged": true,
        "unpaged": false
      },
      "last": true,
      "totalPages": 1,
      "totalElements": 1,
      "first": true,
      "size": 10,
      "number": 0,
      "sort": {
        "empty": true,
        "sorted": false,
        "unsorted": true
      },
      "numberOfElements": 1,
      "empty": false
    }
  ]
}
